match_id,date_local,home_id,away_id,home_team,away_team,home_score,away_score
26143,2026-09-05 14:00,6207,6118,Silicon Valley Soccer Academy,ALBION SC Merced,5,3
26126,2026-09-05 19:00,6280,5907,Modesto Ajax United,Woodside Soccer Club Crush,4,4
26120,2026-09-05 19:00,5834,6310,Lamorinda Soccer Club,Sacramento United,0,2
26534,2026-09-12 11:00,6310,5961,Sacramento United,Ballistic United,1,0
26545,2026-09-12 13:00,5907,5898,Woodside Soccer Club Crush,San Francisco Glens SC,3,3
26522,2026-09-12 13:00,5929,5771,De Anza Force,The Town FC Academy,3,0
26516,2026-09-12 18:45,5903,6207,Atletico Santa Rosa,Silicon Valley Soccer Academy,1,4
26510,2026-09-12 19:00,6118,5834,ALBION SC Merced,Lamorinda Soccer Club,4,2
26989,2026-09-19 09:00,6280,5903,Modesto Ajax United,Atletico Santa Rosa,2,1
26977,2026-09-19 13:00,5961,5929,Ballistic United,De Anza Force,2,5
26997,2026-09-19 14:00,6207,5918,Silicon Valley Soccer Academy,Sacramento Republic FC,5,3
27003,2026-09-19 15:00,5771,5907,The Town FC Academy,Woodside Soccer Club Crush,1,2
26983,2026-09-19 17:00,5728,5834,FC Bay Area Surf,Lamorinda Soccer Club,7,0
26971,2026-09-19 19:00,6118,5898,ALBION SC Merced,San Francisco Glens SC,5,0
26528,2026-09-20 18:45,5918,5728,Sacramento Republic FC,FC Bay Area Surf,2,1
27401,2026-09-26 15:40,5898,6280,San Francisco Glens SC,Modesto Ajax United,2,2
27389,2026-09-26 17:00,5903,5728,Atletico Santa Rosa,FC Bay Area Surf,1,4
27412,2026-09-26 17:30,5771,6310,The Town FC Academy,Sacramento United,0,2
27383,2026-09-26 18:30,6118,6207,ALBION SC Merced,Silicon Valley Soccer Academy,0,4
27395,2026-09-26 19:00,5834,5929,Lamorinda Soccer Club,De Anza Force,2,5
27847,2026-10-03 11:00,5929,5903,De Anza Force,Atletico Santa Rosa,,
27873,2026-10-03 13:00,5907,6310,Woodside Soccer Club Crush,Sacramento United,,
27841,2026-10-03 13:00,5961,5918,Ballistic United,Sacramento Republic FC,,
27864,2026-10-03 15:00,5771,5898,The Town FC Academy,San Francisco Glens SC,,
27853,2026-10-03 19:00,5834,6118,Lamorinda Soccer Club,ALBION SC Merced,,
28407,2026-10-17 13:00,5907,5903,Woodside Soccer Club Crush,Atletico Santa Rosa,,
28398,2026-10-17 18:45,5918,5771,Sacramento Republic FC,The Town FC Academy,,
28392,2026-10-17 19:00,6280,5929,Modesto Ajax United,De Anza Force,,
28386,2026-10-17 19:00,5834,5898,Lamorinda Soccer Club,San Francisco Glens SC,,
28380,2026-10-18 19:00,5728,6207,FC Bay Area Surf,Silicon Valley Soccer Academy,,
28886,2026-10-24 11:00,5929,5898,De Anza Force,San Francisco Glens SC,,
28918,2026-10-24 13:00,5907,6280,Woodside Soccer Club Crush,Modesto Ajax United,,
28892,2026-10-24 17:00,5834,5728,Lamorinda Soccer Club,FC Bay Area Surf,,
28912,2026-10-24 18:30,5771,5961,The Town FC Academy,Ballistic United,,
28898,2026-10-24 19:00,6310,6118,Sacramento United,ALBION SC Merced,,
29323,2026-10-31 09:00,6280,5918,Modesto Ajax United,Sacramento Republic FC,,
29311,2026-10-31 13:00,5961,6310,Ballistic United,Sacramento United,,
29337,2026-10-31 14:00,6207,5834,Silicon Valley Soccer Academy,Lamorinda Soccer Club,,
29317,2026-10-31 15:00,5929,5728,De Anza Force,FC Bay Area Surf,,
29329,2026-10-31 15:40,5898,5903,San Francisco Glens SC,Atletico Santa Rosa,,
29305,2026-10-31 19:00,6118,5771,ALBION SC Merced,The Town FC Academy,,
29733,2026-11-07 11:00,6310,6280,Sacramento United,Modesto Ajax United,,
29704,2026-11-07 13:00,5961,5907,Ballistic United,Woodside Soccer Club Crush,,
29727,2026-11-07 18:45,5918,6207,Sacramento Republic FC,Silicon Valley Soccer Academy,,
29718,2026-11-07 19:00,5834,5903,Lamorinda Soccer Club,Atletico Santa Rosa,,
29712,2026-11-08 19:00,5728,6118,FC Bay Area Surf,ALBION SC Merced,,
30179,2026-11-14 13:00,5907,5728,Woodside Soccer Club Crush,FC Bay Area Surf,,
30173,2026-11-14 14:00,6207,5771,Silicon Valley Soccer Academy,The Town FC Academy,,
30160,2026-11-14 17:10,5898,5929,San Francisco Glens SC,De Anza Force,,
30148,2026-11-14 18:45,5918,5961,Sacramento Republic FC,Ballistic United,,
30154,2026-11-14 19:00,6310,5834,Sacramento United,Lamorinda Soccer Club,,
30142,2026-11-14 19:00,5903,6280,Atletico Santa Rosa,Modesto Ajax United,,
30669,2026-11-21 11:00,6310,6207,Sacramento United,Silicon Valley Soccer Academy,,
30651,2026-11-21 13:00,5961,5834,Ballistic United,Lamorinda Soccer Club,,
30663,2026-11-21 18:45,5918,5929,Sacramento Republic FC,De Anza Force,,
30657,2026-11-21 19:00,6280,5898,Modesto Ajax United,San Francisco Glens SC,,
30645,2026-11-21 19:00,5903,5771,Atletico Santa Rosa,The Town FC Academy,,
30639,2026-11-21 19:00,6118,5907,ALBION SC Merced,Woodside Soccer Club Crush,,
30976,2027-01-09,6280,6118,Modesto Ajax United,ALBION SC Merced,,
30999,2027-01-09,6207,5903,Silicon Valley Soccer Academy,Atletico Santa Rosa,,
30970,2027-01-09,5929,6310,De Anza Force,Sacramento United,,
31099,2027-01-16,5898,5918,San Francisco Glens SC,Sacramento Republic FC,,
31090,2027-01-16,6280,5834,Modesto Ajax United,Lamorinda Soccer Club,,
31108,2027-01-16,5771,5728,The Town FC Academy,FC Bay Area Surf,,
31084,2027-01-16,6118,5929,ALBION SC Merced,De Anza Force,,
31117,2027-01-16 13:00,5907,6207,Woodside Soccer Club Crush,Silicon Valley Soccer Academy,,
31311,2027-01-23,6207,5898,Silicon Valley Soccer Academy,San Francisco Glens SC,,
31302,2027-01-23,6310,5907,Sacramento United,Woodside Soccer Club Crush,,
31290,2027-01-23,5929,5834,De Anza Force,Lamorinda Soccer Club,,
31296,2027-01-23,5728,6280,FC Bay Area Surf,Modesto Ajax United,,
31317,2027-01-23,5771,5903,The Town FC Academy,Atletico Santa Rosa,,
31284,2027-01-23,5961,6118,Ballistic United,ALBION SC Merced,,
31494,2027-01-30,6310,5728,Sacramento United,FC Bay Area Surf,,
31482,2027-01-30,5929,5907,De Anza Force,Woodside Soccer Club Crush,,
31502,2027-01-30,5771,6280,The Town FC Academy,Modesto Ajax United,,
31470,2027-01-30,5903,6118,Atletico Santa Rosa,ALBION SC Merced,,
31476,2027-01-30,5961,5898,Ballistic United,San Francisco Glens SC,,
31488,2027-01-30 19:00,5834,5918,Lamorinda Soccer Club,Sacramento Republic FC,,
31675,2027-02-06,5898,5834,San Francisco Glens SC,Lamorinda Soccer Club,,
31666,2027-02-06,6280,5961,Modesto Ajax United,Ballistic United,,
31660,2027-02-06,5728,5771,FC Bay Area Surf,The Town FC Academy,,
31692,2027-02-06 13:00,5907,5918,Woodside Soccer Club Crush,Sacramento Republic FC,,
31878,2027-02-13,6207,5728,Silicon Valley Soccer Academy,FC Bay Area Surf,,
31863,2027-02-13,5929,5961,De Anza Force,Ballistic United,,
31857,2027-02-13,5903,6310,Atletico Santa Rosa,Sacramento United,,
31869,2027-02-13,5918,6280,Sacramento Republic FC,Modesto Ajax United,,
31889,2027-02-13 13:00,5907,6118,Woodside Soccer Club Crush,ALBION SC Merced,,
32240,2027-02-20,6310,5898,Sacramento United,San Francisco Glens SC,,
32234,2027-02-20,6280,6207,Modesto Ajax United,Silicon Valley Soccer Academy,,
32222,2027-02-20,5728,5907,FC Bay Area Surf,Woodside Soccer Club Crush,,
32216,2027-02-20,5961,5903,Ballistic United,Atletico Santa Rosa,,
32210,2027-02-20,6118,5918,ALBION SC Merced,Sacramento Republic FC,,
32228,2027-02-20 19:00,5834,5771,Lamorinda Soccer Club,The Town FC Academy,,
32676,2027-02-27,5898,5771,San Francisco Glens SC,The Town FC Academy,,
32662,2027-02-27,5929,6280,De Anza Force,Modesto Ajax United,,
32670,2027-02-27,5918,6310,Sacramento Republic FC,Sacramento United,,
32656,2027-02-27,5961,6207,Ballistic United,Silicon Valley Soccer Academy,,
32650,2027-02-27,5903,5907,Atletico Santa Rosa,Woodside Soccer Club Crush,,
32644,2027-02-27,6118,5728,ALBION SC Merced,FC Bay Area Surf,,
33099,2027-03-06,5898,6310,San Francisco Glens SC,Sacramento United,,
33113,2027-03-06,6207,5929,Silicon Valley Soccer Academy,De Anza Force,,
33119,2027-03-06,5771,6118,The Town FC Academy,ALBION SC Merced,,
33087,2027-03-06,5728,5918,FC Bay Area Surf,Sacramento Republic FC,,
33125,2027-03-06 13:00,5907,5961,Woodside Soccer Club Crush,Ballistic United,,
33093,2027-03-06 19:00,5834,6280,Lamorinda Soccer Club,Modesto Ajax United,,
33524,2027-03-13,5898,6207,San Francisco Glens SC,Silicon Valley Soccer Academy,,
33518,2027-03-13,6310,5771,Sacramento United,The Town FC Academy,,
33498,2027-03-13,5929,6118,De Anza Force,ALBION SC Merced,,
33506,2027-03-13,6280,5728,Modesto Ajax United,FC Bay Area Surf,,
33512,2027-03-13,5918,5907,Sacramento Republic FC,Woodside Soccer Club Crush,,
33492,2027-03-13,5903,5961,Atletico Santa Rosa,Ballistic United,,
33919,2027-03-20,6207,6280,Silicon Valley Soccer Academy,Modesto Ajax United,,
33925,2027-03-20,5771,5929,The Town FC Academy,De Anza Force,,
33913,2027-03-20,5728,5898,FC Bay Area Surf,San Francisco Glens SC,,
33907,2027-03-20,5903,5918,Atletico Santa Rosa,Sacramento Republic FC,,
33901,2027-03-20,6118,6310,ALBION SC Merced,Sacramento United,,
33931,2027-03-20 13:00,5907,5834,Woodside Soccer Club Crush,Lamorinda Soccer Club,,
30985,2027-03-21,5898,5961,San Francisco Glens SC,Ballistic United,,
34395,2027-03-27,5898,6118,San Francisco Glens SC,ALBION SC Merced,,
34401,2027-03-27,6207,6310,Silicon Valley Soccer Academy,Sacramento United,,
34383,2027-03-27,5728,5903,FC Bay Area Surf,Atletico Santa Rosa,,
34389,2027-03-27,5918,5834,Sacramento Republic FC,Lamorinda Soccer Club,,
34377,2027-03-27,5961,5771,Ballistic United,The Town FC Academy,,
34407,2027-03-27 13:00,5907,5929,Woodside Soccer Club Crush,De Anza Force,,
34664,2027-04-03,5898,5728,San Francisco Glens SC,FC Bay Area Surf,,
34658,2027-04-03,6310,5903,Sacramento United,Atletico Santa Rosa,,
34644,2027-04-03,5929,5918,De Anza Force,Sacramento Republic FC,,
34670,2027-04-03,5771,6207,The Town FC Academy,Silicon Valley Soccer Academy,,
34638,2027-04-03,6118,5961,ALBION SC Merced,Ballistic United,,
34650,2027-04-03 19:00,5834,5907,Lamorinda Soccer Club,Woodside Soccer Club Crush,,
35100,2027-04-10,6207,5961,Silicon Valley Soccer Academy,Ballistic United,,
35086,2027-04-10,6280,6310,Modesto Ajax United,Sacramento United,,
35080,2027-04-10,5728,5929,FC Bay Area Surf,De Anza Force,,
35074,2027-04-10,5903,5834,Atletico Santa Rosa,Lamorinda Soccer Club,,
35092,2027-04-10,5918,6118,Sacramento Republic FC,ALBION SC Merced,,
35106,2027-04-10 13:00,5907,5771,Woodside Soccer Club Crush,The Town FC Academy,,
35534,2027-04-17,5898,5907,San Francisco Glens SC,Woodside Soccer Club Crush,,
35522,2027-04-17,5728,6310,FC Bay Area Surf,Sacramento United,,
35540,2027-04-17,5771,5918,The Town FC Academy,Sacramento Republic FC,,
35528,2027-04-17,5834,6207,Lamorinda Soccer Club,Silicon Valley Soccer Academy,,
35510,2027-04-17,5903,5929,Atletico Santa Rosa,De Anza Force,,
35516,2027-04-17,5961,6280,Ballistic United,Modesto Ajax United,,
35948,2027-04-24,6310,5918,Sacramento United,Sacramento Republic FC,,
35942,2027-04-24,5929,6207,De Anza Force,Silicon Valley Soccer Academy,,
35954,2027-04-24,5771,5834,The Town FC Academy,Lamorinda Soccer Club,,
35930,2027-04-24,5903,5898,Atletico Santa Rosa,San Francisco Glens SC,,
35936,2027-04-24,5961,5728,Ballistic United,FC Bay Area Surf,,
35924,2027-04-24,6118,6280,ALBION SC Merced,Modesto Ajax United,,
26114,2027-05-01,5728,5961,FC Bay Area Surf,Ballistic United,,
36491,2027-05-08,6310,5929,Sacramento United,De Anza Force,,
36497,2027-05-08,6207,5907,Silicon Valley Soccer Academy,Woodside Soccer Club Crush,,
36479,2027-05-08,6280,5771,Modesto Ajax United,The Town FC Academy,,
36485,2027-05-08,5918,5898,Sacramento Republic FC,San Francisco Glens SC,,
36465,2027-05-08,6118,5903,ALBION SC Merced,Atletico Santa Rosa,,
36473,2027-05-08 19:00,5834,5961,Lamorinda Soccer Club,Ballistic United,,
26135,2027-05-15 11:00,5918,5903,Sacramento Republic FC,Atletico Santa Rosa,,
